City_ID,City,Country,Date,Lat,Lng,Max Temp,Humidity,Cloudiness,Wind Speed
0,Abu Samrah,SY,2022-07-21 20:29:51,35.3029,37.1841,77.14,53,0,11.86
1,Bambous Virieux,MU,2022-07-21 20:29:51,-20.3428,57.7575,70.05,78,75,23.02
2,Hobart,AU,2022-07-21 20:25:30,-42.8794,147.3294,38.05,90,2,3.0
3,Kapaa,US,2022-07-21 20:29:52,22.0752,-159.319,80.92,72,40,17.27
4,Saint George,US,2022-07-21 20:29:52,37.1041,-113.5841,110.79,13,0,5.75
5,Yaan,NG,2022-07-21 20:29:52,7.3833,8.5667,71.83,94,100,4.23
6,Tasiilaq,GL,2022-07-21 20:29:53,65.6145,-37.6368,41.16,78,85,2.53
7,Barrow,US,2022-07-21 20:29:53,71.2906,-156.7887,44.62,76,40,26.46
8,Hirara,JP,2022-07-21 20:29:54,24.8,125.2833,84.99,76,3,13.53
9,Egvekinot,RU,2022-07-21 20:29:54,66.3167,-179.1667,40.41,57,93,11.39
10,Samba,IN,2022-07-21 20:29:54,32.5667,75.1167,79.66,84,100,6.8
11,Sakakah,SA,2022-07-21 20:29:55,29.9697,40.2064,96.37,15,0,16.89
12,Ushuaia,AR,2022-07-21 20:29:55,-54.8,-68.3,31.66,86,40,17.27
13,Khotyn,UA,2022-07-21 20:29:55,48.4833,26.5,63.91,51,0,7.99
14,Narsaq,GL,2022-07-21 20:29:56,60.9167,-46.05,62.82,75,16,9.73
15,Cape Town,ZA,2022-07-21 20:26:53,-33.9258,18.4232,59.38,80,0,6.91
16,Upernavik,GL,2022-07-21 20:29:56,72.7868,-56.1549,46.58,93,100,12.75
17,Saint-Philippe,RE,2022-07-21 20:29:57,-21.3585,55.7679,65.79,83,46,14.52
18,Port Elizabeth,ZA,2022-07-21 20:27:52,-33.918,25.5701,51.31,94,0,3.44
19,Yuanping,CN,2022-07-21 20:29:57,38.7153,112.7575,69.73,74,100,1.36
20,Wattegama,LK,2022-07-21 20:29:57,6.7989,81.4808,75.15,91,99,4.03
21,Jalu,LY,2022-07-21 20:26:40,29.0331,21.5482,81.1,44,0,17.6
22,Hithadhoo,MV,2022-07-21 20:29:58,-0.6,73.0833,80.64,73,99,5.99
23,Altay,CN,2022-07-21 20:29:58,47.8667,88.1167,59.56,63,55,3.04
24,Iqaluit,CA,2022-07-21 20:29:59,63.7506,-68.5145,42.53,93,100,4.61
25,Gushikawa,JP,2022-07-21 20:29:59,26.3544,127.8686,83.79,89,75,12.66
26,Ponta Do Sol,PT,2022-07-21 20:30:00,32.6667,-17.1,73.71,79,3,7.29
27,Le Port,RE,2022-07-21 20:30:00,-20.9373,55.2919,69.76,72,19,7.58
28,Esperance,AU,2022-07-21 20:30:00,-33.8667,121.9,53.89,82,72,18.43
29,Avarua,CK,2022-07-21 20:30:01,-21.2078,-159.775,71.65,78,75,8.05
30,Kodiak,US,2022-07-21 20:30:01,57.79,-152.4072,54.91,88,100,6.91
31,Arzgir,RU,2022-07-21 20:30:01,45.3728,44.2206,73.47,51,36,15.26
32,Mana,GF,2022-07-21 20:30:02,5.6592,-53.7767,80.6,80,15,9.46
33,Bredasdorp,ZA,2022-07-21 20:30:02,-34.5322,20.0403,47.84,88,100,1.92
34,Rikitea,PF,2022-07-21 20:30:03,-23.1203,-134.9692,74.62,79,91,21.59
35,Port Alfred,ZA,2022-07-21 20:30:03,-33.5906,26.891,57.9,73,0,6.11
36,Airai,TL,2022-07-21 20:30:04,-8.9266,125.4092,54.61,92,96,4.0
37,Ribeira Grande,PT,2022-07-21 20:26:34,38.5167,-28.7,75.6,83,20,8.05
38,Mar Del Plata,AR,2022-07-21 20:26:08,-38.0023,-57.5575,55.09,63,0,14.0
39,Lebu,CL,2022-07-21 20:30:04,-37.6167,-73.65,52.29,85,99,9.19
40,Mataura,NZ,2022-07-21 20:30:05,-46.1927,168.8643,37.47,95,100,0.38
41,Punta Arenas,CL,2022-07-21 20:30:05,-53.15,-70.9167,35.62,80,40,26.46
42,Tourlaville,FR,2022-07-21 20:30:05,49.6383,-1.5664,62.02,88,0,2.3
43,Port Lincoln,AU,2022-07-21 20:30:06,-34.7333,135.8667,54.7,68,100,21.79
44,Aklavik,CA,2022-07-21 20:30:06,68.2191,-135.0107,64.4,63,75,8.05
45,Hofn,IS,2022-07-21 20:25:59,64.2539,-15.2082,50.81,90,26,2.95
46,Bara,NG,2022-07-21 20:30:07,10.3744,10.7288,75.81,80,73,7.63
47,Campina Verde,BR,2022-07-21 20:30:07,-19.5356,-49.4864,77.45,29,6,4.92
48,Makakilo City,US,2022-07-21 20:30:07,21.3469,-158.0858,82.72,59,75,16.11
49,Kaharlyk,UA,2022-07-21 20:30:08,49.8623,30.8282,63.57,79,6,10.71
50,Bluff,NZ,2022-07-21 20:31:08,-46.6,168.3333,37.8,83,85,9.51
51,Lusambo,CD,2022-07-21 20:31:09,-4.9667,23.45,73.15,50,29,1.21
52,Kavaratti,IN,2022-07-21 20:27:45,10.5669,72.642,81.12,77,100,20.36
53,Ukiah,US,2022-07-21 20:31:09,39.1502,-123.2078,100.44,16,0,6.91
54,Ellisras,ZA,2022-07-21 20:30:51,-23.6649,27.7443,59.36,62,91,2.68
55,Foumban,CM,2022-07-21 20:31:10,5.7291,10.9001,63.93,96,100,2.24
56,Nouadhibou,MR,2022-07-21 20:31:10,20.931,-17.0347,75.18,83,27,9.22
57,Busselton,AU,2022-07-21 20:31:10,-33.65,115.3333,57.81,78,67,10.85
58,Marzuq,YE,2022-07-21 20:26:30,14.4,46.4667,77.72,60,0,6.22
59,Chokurdakh,RU,2022-07-21 20:31:11,70.6333,147.9167,48.38,43,0,8.19
60,Tshikapa,CD,2022-07-21 20:31:11,-6.4167,20.8,78.62,38,30,1.88
61,Katsuura,JP,2022-07-21 20:31:12,35.1333,140.3,78.55,90,51,14.52
62,Nikolskoye,RU,2022-07-21 20:31:12,59.7035,30.7861,66.09,83,1,0.85
63,Qaanaaq,GL,2022-07-21 20:27:18,77.484,-69.3632,44.28,74,100,8.55
64,Cururupu,BR,2022-07-21 20:31:13,-1.8283,-44.8683,77.31,80,63,3.62
65,Fortuna,US,2022-07-21 20:31:13,40.5982,-124.1573,62.65,75,42,8.99
66,Gorin,RU,2022-07-21 20:31:14,51.1983,136.6669,56.07,96,100,7.34
67,Hermanus,ZA,2022-07-21 20:31:14,-34.4187,19.2345,53.62,76,100,1.81
68,Alofi,NU,2022-07-21 20:29:58,-19.0595,-169.9187,75.09,83,20,5.75
69,Vardo,NO,2022-07-21 20:31:14,70.3705,31.1107,57.18,88,100,6.91
70,Hamilton,US,2022-07-21 20:30:18,39.1834,-84.5333,91.65,49,40,9.22
71,Araceli,PH,2022-07-21 20:31:15,10.5529,119.9913,83.79,77,94,9.57
72,Sisimiut,GL,2022-07-21 20:31:15,66.9395,-53.6735,48.4,84,98,16.31
73,Nelson Bay,AU,2022-07-21 20:31:16,-32.7167,152.15,62.01,77,100,18.01
74,Conde,BR,2022-07-21 20:31:16,-7.2597,-34.9075,72.86,94,75,6.91
75,Masyaf,SY,2022-07-21 20:31:17,35.0653,36.3406,70.72,83,21,7.81
76,Coihaique,CL,2022-07-21 20:30:01,-45.5752,-72.0662,35.55,80,75,3.44
77,Khani,GE,2022-07-21 20:31:17,41.9563,42.9566,58.57,97,98,0.96
78,Kiruna,SE,2022-07-21 20:31:17,67.8557,20.2251,52.72,82,40,5.75
79,Suhut,TR,2022-07-21 20:31:18,38.5311,30.5458,61.74,54,0,5.06
80,Verkhoyansk,RU,2022-07-21 20:31:18,67.5447,133.385,57.18,63,87,2.1
81,Chuy,UY,2022-07-21 20:31:19,-33.6971,-53.4616,52.0,92,87,6.02
82,Yongan,CN,2022-07-21 20:31:19,39.6957,113.6871,67.46,79,100,6.49
83,Faya,SA,2022-07-21 20:31:19,18.3851,42.4509,69.91,63,79,3.98
84,Thinadhoo,MV,2022-07-21 20:31:20,0.5333,72.9333,81.19,73,99,12.39
85,Benidorm,ES,2022-07-21 20:31:20,38.5382,-0.131,83.25,73,0,1.01
86,Muroto,JP,2022-07-21 20:31:21,33.2833,134.15,79.43,86,14,11.32
87,Desbiens,CA,2022-07-21 20:31:21,48.4178,-71.9495,79.45,67,63,13.94
88,Eyl,SO,2022-07-21 20:31:22,7.9803,49.8164,76.33,78,2,23.67
89,Khatanga,RU,2022-07-21 20:26:52,71.9667,102.5,50.09,84,100,13.53
90,Aseri,EE,2022-07-21 20:31:22,59.4506,26.8675,63.86,59,20,5.88
91,Atar,MR,2022-07-21 20:31:22,20.5169,-13.0499,95.32,31,7,9.17
92,Broome,US,2022-07-21 20:27:45,42.2506,-75.833,89.89,50,20,13.8
93,Bonthe,SL,2022-07-21 20:31:23,7.5264,-12.505,77.14,80,99,12.8
94,Marawi,PH,2022-07-21 20:31:23,7.9986,124.2928,68.07,92,100,2.89
95,Marrakesh,MA,2022-07-21 20:31:24,31.6315,-8.0083,96.87,24,75,11.5
96,Eydhafushi,MV,2022-07-21 20:32:24,5.1033,73.0708,82.29,76,100,18.88
97,Dingle,PH,2022-07-21 20:32:25,10.9995,122.6711,77.18,92,100,5.99
98,Dikson,RU,2022-07-21 20:32:25,73.5069,80.5464,42.85,95,100,18.3
99,Bowen,AU,2022-07-21 20:32:26,-20.0167,148.2333,60.15,91,40,6.78
100,Kloulklubed,PW,2022-07-21 20:32:26,7.0419,134.2556,82.96,71,98,1.39
101,Darab,IR,2022-07-21 20:32:26,28.7519,54.5444,88.92,39,8,1.23
102,Kavieng,PG,2022-07-21 20:30:16,-2.5744,150.7967,81.05,79,100,11.95
103,Batemans Bay,AU,2022-07-21 20:32:27,-35.7167,150.1833,52.11,87,85,3.15
104,Nuuk,GL,2022-07-21 20:32:27,64.1835,-51.7216,57.81,62,75,18.41
105,Clarence Town,AU,2022-07-21 20:32:28,-32.5833,151.7833,61.86,91,100,3.18
106,Mogadishu,SO,2022-07-21 20:27:51,2.0371,45.3438,75.92,87,61,19.37
107,Touros,BR,2022-07-21 20:32:28,-5.1989,-35.4608,77.05,80,100,10.18
108,Blairmore,CA,2022-07-21 20:30:39,49.6,-114.4353,80.78,25,36,14.76
109,Tuktoyaktuk,CA,2022-07-21 20:32:29,69.4541,-133.0374,53.6,100,100,9.22
110,Butaritari,KI,2022-07-21 20:31:23,3.0707,172.7902,80.82,75,70,5.46
111,Vila Velha,BR,2022-07-21 20:30:18,-20.3297,-40.2925,73.35,87,40,6.91
112,Viedma,AR,2022-07-21 20:30:26,-40.8135,-62.9967,47.73,34,97,16.11
113,Clyde River,CA,2022-07-21 20:30:16,70.4692,-68.5914,43.03,93,100,13.8
114,Mahebourg,MU,2022-07-21 20:32:30,-20.4081,57.7,70.09,78,75,23.02
115,Carnarvon,AU,2022-07-21 20:32:30,-24.8667,113.6333,61.92,73,52,17.0
116,Castro,BR,2022-07-21 20:27:49,-24.7911,-50.0119,67.08,72,39,4.23
117,Namatanai,PG,2022-07-21 20:32:31,-3.6667,152.4333,79.72,79,76,5.7
118,Gelibolu,TR,2022-07-21 20:32:31,40.4103,26.6708,75.06,75,0,12.82
119,Banda Aceh,ID,2022-07-21 20:32:31,5.5577,95.3222,80.02,77,100,11.5
120,Provideniya,RU,2022-07-21 20:32:32,64.3833,-173.3,44.71,76,100,15.99
121,Hilo,US,2022-07-21 20:28:15,19.7297,-155.09,81.28,95,75,5.75
122,New Norfolk,AU,2022-07-21 20:32:32,-42.7826,147.0587,38.71,97,3,2.55
123,Cayenne,GF,2022-07-21 20:32:33,4.9333,-52.3333,86.04,1,34,8.05
124,Plettenberg Bay,ZA,2022-07-21 20:32:33,-34.0527,23.3716,54.79,78,49,5.17
125,Necochea,AR,2022-07-21 20:32:33,-38.5473,-58.7368,46.15,52,85,2.53
126,Warren,US,2022-07-21 20:28:37,39.4334,-84.1666,90.45,51,0,12.66
127,Jieshi,CN,2022-07-21 20:32:34,22.8134,115.8257,82.56,80,1,5.55
128,Atuona,PF,2022-07-21 20:32:34,-9.8,-139.0333,77.56,72,15,15.64
129,Puerto Ayora,EC,2022-07-21 20:31:16,-0.7393,-90.3518,78.76,87,58,8.01
130,Werda,BW,2022-07-21 20:32:35,-25.2667,23.2833,59.85,38,6,6.71
131,Cockburn Town,TC,2022-07-21 20:32:35,21.4612,-71.1419,82.22,83,23,20.56
132,Likasi,CD,2022-07-21 20:32:36,-10.9814,26.7333,61.03,58,7,3.65
133,Lorengau,PG,2022-07-21 20:27:52,-2.0226,147.2712,80.91,77,95,8.19
134,Veseloyarsk,RU,2022-07-21 20:32:36,51.2836,81.1056,65.05,75,83,7.11
135,Jamestown,US,2022-07-21 20:28:58,42.097,-79.2353,84.06,53,75,18.41
136,Walvis Bay,NA,2022-07-21 20:32:36,-22.9575,14.5053,58.15,77,0,5.75
137,Salalah,OM,2022-07-21 20:30:17,17.0151,54.0924,77.09,94,100,5.75
138,Awbari,LY,2022-07-21 20:32:37,26.5921,12.7805,85.15,20,2,9.8
139,Mathathane,BW,2022-07-21 20:32:37,-22.2687,28.7495,62.46,67,83,6.11
140,Moscow,RU,2022-07-21 20:28:46,55.7522,37.6156,63.23,76,47,10.0
141,Oxford,GB,2022-07-21 20:29:49,51.7522,-1.256,70.18,68,100,5.75
142,Itaituba,BR,2022-07-21 20:33:38,-4.2761,-55.9836,89.76,62,20,5.75
143,Santiago Del Estero,AR,2022-07-21 20:33:39,-27.7951,-64.2615,77.56,47,21,13.49
144,Mayumba,GA,2022-07-21 20:33:01,-3.432,10.6554,70.25,94,57,7.43
145,Uray,RU,2022-07-21 20:33:39,60.1247,64.7758,54.32,64,27,3.09
146,Ancud,CL,2022-07-21 20:33:40,-41.8697,-73.8203,41.23,92,100,8.08
147,Chapais,CA,2022-07-21 20:33:40,49.7834,-74.8492,71.38,91,100,13.98
148,Lata,PT,2022-07-21 20:33:40,40.1629,-8.3327,61.56,89,44,2.68
149,Saint-Pierre,RE,2022-07-21 20:33:41,-21.3393,55.4781,65.88,72,20,5.75
150,Severo-Kurilsk,RU,2022-07-21 20:33:41,50.6789,156.125,53.76,96,100,26.44
151,Carutapera,BR,2022-07-21 20:33:41,-1.195,-46.02,77.23,88,55,8.08
152,Kaitangata,NZ,2022-07-21 20:33:42,-46.2817,169.8464,43.45,89,94,2.91
153,Harlingen,US,2022-07-21 20:33:42,26.1906,-97.6961,98.69,36,0,19.57
154,Calabozo,VE,2022-07-21 20:33:43,8.9242,-67.4293,84.76,68,41,0.78
155,Taga,RO,2022-07-21 20:33:43,46.95,24.05,73.72,44,0,4.25
156,Tessalit,ML,2022-07-21 20:33:43,20.1986,1.0114,92.25,30,86,8.16
157,Kuytun,RU,2022-07-21 20:33:44,54.3419,101.5036,52.72,86,82,7.14
158,Luderitz,NA,2022-07-21 20:33:02,-26.6481,15.1594,65.28,46,0,5.53
159,Yarmouth,US,2022-07-21 20:33:44,41.7057,-70.2286,86.61,84,100,14.97
160,Constitucion,CL,2022-07-21 20:33:45,-35.3333,-72.4167,56.97,80,31,10.45
161,Santiago,CL,2022-07-21 20:30:02,-33.4569,-70.6483,69.55,37,0,5.75
162,Damietta,EG,2022-07-21 20:33:45,31.4165,31.8133,80.49,79,0,10.38
163,Siedlce,PL,2022-07-21 20:30:08,52.1677,22.2901,68.02,66,33,3.22
164,Arkhipo-Osipovka,RU,2022-07-21 20:33:46,44.37,38.52,66.83,79,1,3.02
165,Cherskiy,RU,2022-07-21 20:33:15,68.75,161.3,42.82,58,98,11.12
166,Saint-Joseph,RE,2022-07-21 20:33:46,-21.3667,55.6167,64.78,81,32,13.42
167,Tuatapere,NZ,2022-07-21 20:33:47,-46.1333,167.6833,43.77,91,99,1.77
168,Mende,FR,2022-07-21 20:30:38,44.6667,3.5,59.32,54,1,3.78
169,Grindavik,IS,2022-07-21 20:33:47,63.8424,-22.4338,55.35,93,100,8.05
170,Churapcha,RU,2022-07-21 20:33:48,62.0025,132.4325,70.23,63,0,5.35
171,Dakar,SN,2022-07-21 20:33:48,14.6937,-17.4441,83.28,79,90,8.28
172,Mishan,CN,2022-07-21 20:33:48,45.55,131.8833,64.51,97,17,6.06
173,San Quintin,MX,2022-07-21 20:33:49,30.4833,-115.95,71.82,76,100,17.94
174,Synya,RU,2022-07-21 20:33:49,65.3718,58.0387,47.75,64,0,6.67
175,Radviliskis,LT,2022-07-21 20:33:50,55.8167,23.5333,66.25,88,0,1.14
176,Sept-Iles,CA,2022-07-21 20:30:54,50.2001,-66.3821,72.12,68,75,12.66
177,Verkhneyarkeyevo,RU,2022-07-21 20:33:50,55.4505,54.3145,58.8,79,23,3.33
178,Koumac,NC,2022-07-21 20:33:50,-20.5667,164.2833,76.12,81,84,10.74
179,Manavalakurichi,IN,2022-07-21 20:33:51,8.1333,77.3,77.77,86,100,14.76
180,Jalor,IN,2022-07-21 20:33:51,25.35,72.6167,84.06,73,95,11.63
181,Bilma,NE,2022-07-21 20:33:51,18.6853,12.9164,94.53,26,94,6.38
182,Hervey Bay,AU,2022-07-21 20:33:52,-25.2986,152.8535,63.61,89,99,23.24
183,San-Pedro,CI,2022-07-21 20:33:52,4.7485,-6.6363,74.75,77,100,5.53
184,Den Helder,NL,2022-07-21 20:33:52,52.9599,4.7593,62.58,83,100,7.0
185,Korla,CN,2022-07-21 20:33:53,41.7597,86.1469,75.94,32,0,2.53
186,Waitati,NZ,2022-07-21 20:33:53,-45.75,170.5667,46.8,85,100,2.35
187,Thompson,CA,2022-07-21 20:33:53,55.7435,-97.8558,66.36,63,75,10.36
188,Isangel,VU,2022-07-21 20:34:54,-19.55,169.2667,78.08,80,4,13.71
189,Yellowknife,CA,2022-07-21 20:34:54,62.456,-114.3525,68.52,42,75,5.75
190,Longyearbyen,SJ,2022-07-21 20:34:55,78.2186,15.6401,49.84,87,75,4.61
191,Cairns,AU,2022-07-21 20:34:55,-16.9167,145.7667,67.06,90,3,2.3
192,Rock Springs,US,2022-07-21 20:34:56,41.5875,-109.2029,89.24,15,0,11.5
193,Torbay,CA,2022-07-21 20:34:56,47.6666,-52.7314,78.76,64,75,14.97
194,Bima,ID,2022-07-21 20:34:56,-8.4667,118.7167,72.48,93,69,4.34
195,Zheleznodorozhnyy,RU,2022-07-21 20:34:57,55.7503,38.0042,63.21,77,63,10.25
196,Olkhovatka,RU,2022-07-21 20:34:57,50.2831,39.2872,55.9,96,81,6.96
197,Saint-Louis,SN,2022-07-21 20:34:58,16.3333,-15.0,88.97,49,96,5.44
198,Kahului,US,2022-07-21 20:32:55,20.8947,-156.47,82.42,69,75,17.27
199,Vaini,TO,2022-07-21 20:32:51,-21.2,-175.2,75.36,83,20,8.05
200,Pangnirtung,CA,2022-07-21 20:34:58,66.1451,-65.7125,44.6,93,100,11.5
201,Sao Joao Da Barra,BR,2022-07-21 20:33:39,-21.6403,-41.0511,75.29,83,8,9.93
202,Peniche,PT,2022-07-21 20:34:59,39.3558,-9.3811,68.29,86,52,18.88
203,Sijunjung,ID,2022-07-21 20:34:59,-0.6876,100.9537,70.99,98,85,1.52
204,Talnakh,RU,2022-07-21 20:34:59,69.4865,88.3972,49.21,85,12,6.22
205,Sheltozero,RU,2022-07-21 20:35:00,61.3667,35.3667,62.87,81,5,6.22
206,Sandy Bay,AU,2022-07-21 20:35:00,-42.913,147.3532,39.09,89,1,3.0
207,Codrington,AU,2022-07-21 20:35:01,-38.2667,141.9667,47.46,83,73,11.83
208,Solton,RU,2022-07-21 20:35:01,52.8429,86.4787,56.26,96,98,6.44
209,Plock,PL,2022-07-21 20:35:02,52.5468,19.7064,71.37,53,16,7.52
210,Akureyri,IS,2022-07-21 20:35:02,65.6835,-18.0878,51.73,76,40,13.8
211,Yining,CN,2022-07-21 20:35:02,29.0361,114.5636,77.92,89,95,1.72
212,Hornepayne,CA,2022-07-21 20:35:03,49.2138,-84.7705,74.8,58,38,9.53
213,Asau,RO,2022-07-21 20:35:03,46.4333,26.4,67.28,43,0,5.7
214,Lewistown,US,2022-07-21 20:35:04,40.5992,-77.5714,90.81,71,0,10.36
215,Lovozero,RU,2022-07-21 20:35:04,68.005,35.0117,63.45,81,100,3.65
216,Mount Gambier,AU,2022-07-21 20:35:04,-37.8333,140.7667,47.26,86,100,7.72
217,Souillac,MU,2022-07-21 20:35:05,-20.5167,57.5167,70.18,78,75,23.02
218,Araouane,ML,2022-07-21 20:35:05,18.9048,-3.5265,94.46,34,27,5.23
219,Alice Springs,AU,2022-07-21 20:31:19,-23.7,133.8833,35.15,69,0,0.0
220,Poso,ID,2022-07-21 20:35:06,-1.3959,120.7524,75.69,88,38,6.49
221,Albany,US,2022-07-21 20:35:06,42.6001,-73.9662,95.05,46,30,1.01
222,Ahuimanu,US,2022-07-21 20:35:06,21.4447,-157.8378,83.91,68,100,16.11
223,Dalby,AU,2022-07-21 20:35:07,-27.1833,151.2667,54.97,89,100,20.07
224,Batagay,RU,2022-07-21 20:35:07,67.6333,134.6333,58.39,63,88,1.19
225,Pokhara,NP,2022-07-21 20:31:58,28.2333,83.9833,72.19,87,100,3.98
226,Oskarshamn,SE,2022-07-21 20:35:08,57.2645,16.4484,74.98,67,79,7.54
227,Channel-Port Aux Basques,CA,2022-07-21 20:30:39,47.5702,-59.1367,63.27,78,49,9.19
228,Georgetown,MY,2022-07-21 20:32:32,5.4112,100.3354,82.89,91,20,2.3
229,Okhotsk,RU,2022-07-21 20:32:44,59.3833,143.3,58.42,87,100,4.03
230,Monrovia,LR,2022-07-21 20:36:09,6.3005,-10.7969,76.98,76,100,13.18
231,Ostrovnoy,RU,2022-07-21 20:36:09,68.0531,39.5131,54.23,82,95,5.08
232,Shenkursk,RU,2022-07-21 20:36:09,62.1091,42.896,64.13,78,40,5.3
233,Nanortalik,GL,2022-07-21 20:36:10,60.1432,-45.2371,50.31,76,2,12.88
234,Powell River,CA,2022-07-21 20:36:11,49.8496,-124.5361,74.19,73,40,8.05
235,Khandyga,RU,2022-07-21 20:36:11,62.6667,135.6,71.17,66,57,3.8
236,Padang,ID,2022-07-21 20:36:12,-0.9492,100.3543,76.86,87,87,3.67
237,Minas,UY,2022-07-21 20:36:12,-34.3759,-55.2377,50.67,89,100,5.3
238,Rongcheng,CN,2022-07-21 20:36:12,30.634,117.8517,77.77,95,15,2.33
239,San Cristobal,VE,2022-07-21 20:34:25,7.7669,-72.225,77.18,64,84,6.02
240,Acarau,BR,2022-07-21 20:36:13,-2.8856,-40.12,80.83,73,55,14.45
241,Kihei,US,2022-07-21 20:36:13,20.785,-156.4656,82.42,72,75,17.27
242,Leningradskiy,RU,2022-07-21 20:36:14,69.3833,178.4167,35.1,99,100,10.25
243,Sakaraha,MG,2022-07-21 20:36:14,-22.9,44.5333,60.94,68,26,1.72
244,Kushiro,JP,2022-07-21 20:36:15,42.975,144.3747,60.55,87,6,3.96
245,Tiksi,RU,2022-07-21 20:36:15,71.6872,128.8694,40.96,83,88,9.66
246,La Ronge,CA,2022-07-21 20:36:15,55.1001,-105.2842,70.02,49,75,19.57
247,Arraial Do Cabo,BR,2022-07-21 20:36:16,-22.9661,-42.0278,73.26,78,0,8.05
248,Kozhevnikovo,RU,2022-07-21 20:36:16,56.2589,83.9714,60.26,99,100,8.14
249,Hajipur,IN,2022-07-21 20:36:16,25.6833,85.2167,82.38,89,75,3.44
250,Ambon,ID,2022-07-21 20:36:17,-3.6954,128.1814,76.23,16,20,5.75
251,Buta,CD,2022-07-21 20:36:17,2.7858,24.73,69.82,100,100,1.16
252,Thunder Bay,CA,2022-07-21 20:36:04,48.4001,-89.3168,82.38,34,40,16.11
253,Preston,GB,2022-07-21 20:34:56,53.7667,-2.7167,63.68,84,80,2.24
254,Prigorodnyy,RU,2022-07-21 20:36:18,51.7661,55.2665,62.76,59,0,6.71
255,Vila Franca Do Campo,PT,2022-07-21 20:36:18,37.7167,-25.4333,72.01,78,52,3.33
256,Manaure,CO,2022-07-21 20:36:19,11.7751,-72.4445,89.28,55,99,15.57
257,Moba,CN,2022-07-21 20:36:19,33.2288,105.0179,53.89,94,100,4.81
258,Sao Felix Do Xingu,BR,2022-07-21 20:36:19,-6.6447,-51.995,85.5,37,15,2.68
259,Esil,KZ,2022-07-21 20:36:20,51.9556,66.4042,61.48,66,1,6.42
260,Sur,OM,2022-07-21 20:32:43,22.5667,59.5289,86.5,71,77,11.5
261,Karla,EE,2022-07-21 20:36:20,59.3723,24.9275,67.96,83,0,3.44
262,Geraldton,AU,2022-07-21 20:36:21,-28.7667,114.6,52.21,93,100,9.22
263,Sovetskaya Gavan,RU,2022-07-21 20:36:21,48.9723,140.2878,56.68,96,100,8.43
264,Nouakchott,MR,2022-07-21 20:36:22,18.0858,-15.9785,76.93,80,10,10.18
265,Huarmey,PE,2022-07-21 20:36:22,-10.0681,-78.1522,66.67,73,21,11.88
266,Harper,LR,2022-07-21 20:36:22,4.375,-7.7169,75.45,76,100,8.68
267,Trinidad,BO,2022-07-21 20:36:23,-14.8333,-64.9,91.38,40,20,9.22
268,Paredon,MX,2022-07-21 20:36:23,16.0333,-93.8667,86.23,70,92,5.95
269,Saldanha,ZA,2022-07-21 20:32:48,-33.0117,17.9442,46.45,76,98,11.48
270,Yulara,AU,2022-07-21 20:36:24,-25.2406,130.9889,48.25,42,0,7.54
271,Ilulissat,GL,2022-07-21 20:36:24,69.2167,-51.1,51.82,82,75,5.75
272,Kawalu,ID,2022-07-21 20:36:24,-7.3817,108.2082,71.56,98,99,2.21
273,Faanui,PF,2022-07-21 20:36:25,-16.4833,-151.75,77.31,73,11,11.52
274,Zhigansk,RU,2022-07-21 20:34:01,66.7697,123.3711,58.46,92,96,3.56
275,Pisco,PE,2022-07-21 20:36:25,-13.7,-76.2167,64.45,68,0,9.22
276,Avera,US,2022-07-21 20:36:26,33.194,-82.5271,88.56,53,100,11.52
277,Silistra,BG,2022-07-21 20:36:26,44.1167,27.2667,72.27,47,0,7.78
278,Huilong,CN,2022-07-21 20:32:55,31.8111,121.655,79.93,93,0,5.06
279,Bontang,ID,2022-07-21 20:37:27,0.1333,117.5,79.0,82,72,1.54
280,Kamenka,RU,2022-07-21 20:32:54,51.3223,42.7678,57.16,87,100,5.19
281,Kupang,ID,2022-07-21 20:37:27,-10.1667,123.5833,74.23,82,100,11.74
282,Poum,NC,2022-07-21 20:34:07,-20.2333,164.0167,77.13,85,99,25.19
283,Sao Paulo De Olivenca,BR,2022-07-21 20:37:28,-3.3783,-68.8725,78.03,94,94,0.69
284,Victoria,HK,2022-07-21 20:37:28,22.2855,114.1577,86.18,79,0,1.01
285,Mucurapo,TT,2022-07-21 20:37:29,10.6667,-61.5333,86.05,88,23,13.02
286,Kaeo,NZ,2022-07-21 20:37:29,-35.1,173.7833,50.32,95,67,4.88
287,Udachnyy,RU,2022-07-21 20:34:19,66.4167,112.4,48.45,100,100,1.7
288,Izhma,RU,2022-07-21 20:37:30,65.0083,53.9113,58.15,66,76,5.93
289,Port Hardy,CA,2022-07-21 20:37:30,50.6996,-127.4199,59.18,77,75,10.36
290,Beringovskiy,RU,2022-07-21 20:37:30,63.05,179.3167,48.65,63,29,10.98
291,Bestobe,KZ,2022-07-21 20:37:31,52.4994,73.0975,63.79,68,0,11.12
292,Vilhena,BR,2022-07-21 20:37:31,-12.7406,-60.1458,88.02,30,0,9.22
293,Ponta Delgada,PT,2022-07-21 20:37:32,37.7333,-25.6667,72.32,78,75,4.61
294,Cidreira,BR,2022-07-21 20:37:32,-30.1811,-50.2056,62.71,90,90,4.56
295,Ixtapa,MX,2022-07-21 20:37:32,20.7,-105.2,91.22,74,40,12.66
296,Porto Novo,BJ,2022-07-21 20:34:39,6.4965,2.6036,75.33,79,32,8.21
297,Ginir,ET,2022-07-21 20:37:33,7.1333,40.7,59.22,73,55,13.56
298,Espanola,US,2022-07-21 20:33:14,35.9911,-106.0806,94.87,25,48,1.01
299,Hachinohe,JP,2022-07-21 20:37:34,40.5,141.5,68.72,94,100,1.57
300,Los Llanos De Aridane,ES,2022-07-21 20:37:34,28.6585,-17.9182,69.55,78,40,17.27
301,Nagua,DO,2022-07-21 20:37:35,19.3832,-69.8474,80.91,100,75,5.75
302,Agadez,NE,2022-07-21 20:37:35,19.75,10.25,92.55,16,78,2.44
303,Cabo San Lucas,MX,2022-07-21 20:37:35,22.8909,-109.9124,97.9,41,0,12.66
304,Vestmannaeyjar,IS,2022-07-21 20:37:36,63.4427,-20.2734,51.58,97,100,5.93
305,Riyadh,SA,2022-07-21 20:37:36,24.6877,46.7219,98.74,9,51,7.23
306,Barcelona,ES,2022-07-21 20:34:38,41.3888,2.159,86.14,74,0,6.91
307,Superior,US,2022-07-21 20:37:36,46.7208,-92.1041,83.7,43,40,19.57
308,Hulan Ergi,CN,2022-07-21 20:37:37,47.2042,123.6333,70.16,77,0,1.86
309,Eyemouth,GB,2022-07-21 20:37:37,55.8713,-2.0901,59.81,86,95,7.34
310,Rocha,UY,2022-07-21 20:37:38,-34.4833,-54.3333,49.96,91,100,2.8
311,Kudahuvadhoo,MV,2022-07-21 20:37:38,2.6708,72.8944,82.11,73,100,15.61
312,Rorvik,NO,2022-07-21 20:37:38,64.8621,11.2373,55.38,100,75,14.97
313,Ulaangom,MN,2022-07-21 20:37:39,49.9811,92.0667,60.48,54,82,3.11
314,Morro Agudo,BR,2022-07-21 20:37:39,-20.7314,-48.0578,74.5,35,1,2.39
315,Lensk,RU,2022-07-21 20:33:11,60.7253,114.9278,58.68,96,97,2.53
316,Karlshamn,SE,2022-07-21 20:37:40,56.1706,14.8619,70.92,78,66,6.02
317,Nagornskiy,RU,2022-07-21 20:37:40,58.7731,57.5451,51.98,97,8,1.61
318,Rio Grande,BR,2022-07-21 20:37:40,-32.035,-52.0986,66.31,99,100,5.75
319,Pevek,RU,2022-07-21 20:36:00,69.7008,170.3133,32.16,100,100,9.78
320,Miyako,JP,2022-07-21 20:37:11,39.6367,141.9525,70.29,90,84,1.74
321,Vanimo,PG,2022-07-21 20:37:41,-2.6741,141.3028,77.45,87,100,3.58
322,Shenjiamen,CN,2022-07-21 20:37:41,29.9576,122.298,77.94,92,53,6.42
323,Lubango,AO,2022-07-21 20:37:42,-14.9172,13.4925,56.82,35,0,3.74
324,Baykit,RU,2022-07-21 20:37:42,61.67,96.37,53.91,91,31,2.66
325,Buala,SB,2022-07-21 20:38:42,-8.145,159.5921,80.58,81,94,4.14
326,Beloha,MG,2022-07-21 20:38:43,-25.1667,45.05,64.35,86,2,5.48
327,Saskylakh,RU,2022-07-21 20:38:43,71.9167,114.0833,48.45,72,100,7.76
328,Pacific Grove,US,2022-07-21 20:38:44,36.6177,-121.9166,81.81,87,75,9.22
329,Richards Bay,ZA,2022-07-21 20:38:44,-28.783,32.0377,66.22,86,67,7.14
330,Borovoy,RU,2022-07-21 20:38:45,55.4333,86.0833,60.08,94,40,6.71
331,Porto Santo,PT,2022-07-21 20:38:45,33.072,-16.3415,70.18,73,75,17.27
332,Chambersburg,US,2022-07-21 20:38:46,39.9376,-77.6611,93.45,51,48,7.0
333,Timbo,BR,2022-07-21 20:38:46,-26.8233,-49.2717,69.57,87,29,1.32
334,Banka,IN,2022-07-21 20:38:46,24.8833,86.9167,84.83,74,92,6.13
335,San Andres,CO,2022-07-21 20:35:29,12.5847,-81.7006,86.02,74,75,14.97
336,Boa Vista,BR,2022-07-21 20:38:47,2.8197,-60.6733,85.98,66,40,4.61
337,Alyangula,AU,2022-07-21 20:38:47,-13.8483,136.4192,67.06,66,86,13.22
338,Darlowo,PL,2022-07-21 20:34:36,54.421,16.4107,66.33,93,100,4.36
339,Mlonggo,ID,2022-07-21 20:38:48,-6.5333,110.7,76.73,82,90,7.07
340,Ferme-Neuve,CA,2022-07-21 20:38:48,46.7001,-75.4493,72.1,93,71,11.92
341,Yumen,CN,2022-07-21 20:38:48,40.2833,97.2,67.84,26,0,8.52
342,Bethanien,NA,2022-07-21 20:38:49,-26.502,17.1583,59.72,28,0,6.13
343,Krasnyy Chikoy,RU,2022-07-21 20:38:49,50.3643,108.7512,56.66,97,100,2.77
344,Seoul,KR,2022-07-21 20:38:50,37.5683,126.9778,74.8,86,75,4.61
345,Luanda,AO,2022-07-21 20:38:50,-8.8368,13.2343,67.26,89,39,8.7
346,Yamoussoukro,CI,2022-07-21 20:38:51,6.8206,-5.2767,73.29,94,20,2.3
347,Portland,US,2022-07-21 20:35:24,45.5234,-122.6762,86.49,53,20,5.75
348,Asfi,MA,2022-07-21 20:38:51,32.2994,-9.2372,79.52,58,100,19.46
349,Micheweni,TZ,2022-07-21 20:38:52,-4.9667,39.8333,74.79,78,3,15.37
350,Yatou,CN,2022-07-21 20:38:52,37.15,122.3833,69.6,85,0,4.94
351,Buin,CL,2022-07-21 20:38:52,-33.7333,-70.75,69.87,50,0,2.19
352,College,US,2022-07-21 20:38:53,64.8569,-147.8028,62.92,65,100,0.0
353,Latisana,IT,2022-07-21 20:38:53,45.7792,13.0,82.38,58,4,2.64
354,Abnub,EG,2022-07-21 20:38:54,27.2696,31.1511,86.22,24,0,13.8
355,Tougue,GN,2022-07-21 20:38:54,11.4667,-11.6,69.13,94,100,2.55
356,Buenos Aires,AR,2022-07-21 20:37:27,-34.6132,-58.3772,60.01,74,0,16.11
357,Northam,GB,2022-07-21 20:38:55,51.0333,-4.2167,61.61,78,98,9.8
358,Vicuna,CL,2022-07-21 20:38:55,-30.0319,-70.7081,70.77,47,0,2.89
359,Santana Do Livramento,BR,2022-07-21 20:38:55,-30.8908,-55.5328,65.66,92,99,4.99
360,Sao Filipe,CV,2022-07-21 20:38:56,14.8961,-24.4956,75.33,85,95,7.58
361,Dire Dawa,ET,2022-07-21 20:38:56,9.5931,41.8661,72.5,63,32,18.97
362,Abu Dhabi,AE,2022-07-21 20:38:34,24.4667,54.3667,98.71,61,0,4.61
363,Kumbo,CM,2022-07-21 20:38:57,6.2,10.6667,60.39,98,100,2.64
364,Puerto Del Rosario,ES,2022-07-21 20:38:57,28.5004,-13.8627,80.35,65,0,16.11
365,Bukan,IR,2022-07-21 20:38:58,36.521,46.2089,77.72,22,0,7.96
366,Le Vauclin,MQ,2022-07-21 20:38:58,14.5452,-60.8388,86.05,70,75,20.71
367,Najran,SA,2022-07-21 20:38:58,17.4924,44.1277,88.45,35,68,2.51
368,Coquimbo,CL,2022-07-21 20:38:59,-29.9533,-71.3436,55.13,82,100,8.05
369,Port-Gentil,GA,2022-07-21 20:36:57,-0.7193,8.7815,75.16,88,40,11.5
370,Astoria,US,2022-07-21 20:39:59,46.1879,-123.8313,66.47,73,100,8.05
371,Tezu,IN,2022-07-21 20:40:00,27.9167,96.1667,76.21,96,100,2.44
372,Jennings,US,2022-07-21 20:35:31,38.7192,-90.2604,100.2,40,0,9.22
373,Pio Ix,BR,2022-07-21 20:40:00,-6.8375,-40.5792,76.89,51,99,6.26
374,Qiongshan,CN,2022-07-21 20:40:01,20.0058,110.3542,76.98,100,0,0.0
375,Sertania,BR,2022-07-21 20:40:01,-8.0736,-37.2644,70.12,74,89,9.01
376,Ahipara,NZ,2022-07-21 20:40:02,-35.1667,173.1667,55.27,84,87,7.58
377,Duda,RO,2022-07-21 20:40:02,46.7525,28.0372,65.25,41,0,7.87
378,Luganville,VU,2022-07-21 20:38:55,-15.5333,167.1667,79.92,82,13,4.94
379,East London,ZA,2022-07-21 20:40:03,-33.0153,27.9116,59.32,75,4,6.06
380,Puerto Carreno,CO,2022-07-21 20:40:03,6.189,-67.4859,79.61,85,88,5.23
381,Nanakuli,US,2022-07-21 20:40:04,21.3906,-158.1547,84.15,56,75,12.66
382,Chalmette,US,2022-07-21 20:40:04,29.9427,-89.9634,95.05,60,75,11.5
383,Puerto Colombia,CO,2022-07-21 20:40:04,10.9878,-74.9547,87.89,77,93,13.33
384,Nemuro,JP,2022-07-21 20:40:05,43.3236,145.575,57.97,88,0,6.04
385,Cam Ranh,VN,2022-07-21 20:40:05,11.9214,109.1591,76.96,88,20,2.3
386,Bagaces,CR,2022-07-21 20:40:06,10.5271,-85.2548,89.53,65,100,8.19
387,Sitka,US,2022-07-21 20:35:47,57.0531,-135.33,55.29,88,100,3.44
388,Yeppoon,AU,2022-07-21 20:40:06,-23.1333,150.7333,56.98,95,16,5.37
389,Edd,ER,2022-07-21 20:40:07,13.9297,41.6925,91.29,60,67,4.97
390,Huejuquilla El Alto,MX,2022-07-21 20:40:07,22.6,-103.8667,88.38,23,12,4.9
391,Albanel,CA,2022-07-21 20:40:07,48.8832,-72.4487,78.94,88,61,3.44
392,Ardmore,US,2022-07-21 20:37:30,34.1743,-97.1436,88.47,76,100,11.5
393,Svetlogorsk,BY,2022-07-21 20:40:02,52.6333,29.7333,61.43,93,61,7.34
394,Evensk,RU,2022-07-21 20:40:08,61.95,159.2333,61.45,48,1,6.15
395,Lasa,IT,2022-07-21 20:36:32,46.6166,10.7002,68.99,83,47,2.39
396,Aksarka,RU,2022-07-21 20:40:09,66.5606,67.7975,43.75,79,50,4.94
397,Mapimi,MX,2022-07-21 20:40:09,25.8167,-103.85,97.77,17,29,10.29
398,Halmstad,SE,2022-07-21 20:40:09,56.6745,12.8568,69.31,84,69,9.22
399,Lulea,SE,2022-07-21 20:40:10,65.5842,22.1547,62.67,100,75,0.0
400,Fairbanks,US,2022-07-21 20:40:10,64.8378,-147.7164,62.94,65,75,0.0
401,Leh,IN,2022-07-21 20:40:11,34.1667,77.5833,66.2,18,95,5.5
402,Roald,NO,2022-07-21 20:40:11,62.5833,6.1333,58.15,82,75,8.05
403,Flinders,AU,2022-07-21 20:40:11,-34.5833,150.8552,55.38,88,95,7.0
404,Nishihara,JP,2022-07-21 20:40:12,26.1842,127.7558,83.86,89,75,12.66
405,Onguday,RU,2022-07-21 20:40:12,50.75,86.15,53.53,94,100,2.89
406,Lagoa,PT,2022-07-21 20:40:13,39.05,-27.9833,72.54,87,93,5.06
407,Canutama,BR,2022-07-21 20:40:13,-6.5339,-64.3831,92.23,39,52,1.68
408,Tautira,PF,2022-07-21 20:40:14,-17.7333,-149.15,75.33,77,19,10.45
409,Ziarat,PK,2022-07-21 20:40:14,30.3823,67.7282,66.94,78,86,4.83
410,Mbuji-Mayi,CD,2022-07-21 20:40:14,-6.15,23.6,77.14,43,17,4.34
411,Normandin,CA,2022-07-21 20:40:15,48.8333,-72.5321,79.11,88,59,3.44
412,Ugoofaaru,MV,2022-07-21 20:40:15,5.6667,73.0,82.22,75,100,18.63
413,Arima,TT,2022-07-21 20:40:16,10.6333,-61.2833,85.53,75,20,13.8
414,Malazgirt,TR,2022-07-21 20:40:16,39.1427,42.5401,66.51,34,0,1.41
415,Porbandar,IN,2022-07-21 20:40:06,21.6422,69.6093,81.97,82,100,16.62
416,Srednekolymsk,RU,2022-07-21 20:41:16,67.45,153.6833,50.29,46,0,9.71
417,Hambantota,LK,2022-07-21 20:41:17,6.1241,81.1185,79.16,81,100,20.2
418,Mocuba,MZ,2022-07-21 20:41:17,-16.8392,36.9856,62.02,93,6,2.33
419,Sungaipenuh,ID,2022-07-21 20:41:18,-2.0833,101.3833,63.43,96,98,3.38
420,Naze,JP,2022-07-21 20:38:54,28.3667,129.4833,81.52,87,35,13.67
421,Byron Bay,AU,2022-07-21 20:41:18,-28.65,153.6167,59.94,80,100,18.97
422,Belaya Gora,RU,2022-07-21 20:41:19,68.5333,146.4167,53.37,50,10,9.33
423,Vanavara,RU,2022-07-21 20:41:19,60.34,102.2797,55.24,81,92,2.44
424,Balkhash,KZ,2022-07-21 20:41:20,46.844,74.9804,76.82,53,10,6.69
425,Mandera,KE,2022-07-21 20:41:20,3.9366,41.867,80.33,53,89,25.93
426,Santa Cruz,BO,2022-07-21 20:38:17,-17.8,-63.1667,86.05,42,75,24.16
427,Inhambane,MZ,2022-07-21 20:41:20,-23.865,35.3833,67.44,83,0,5.57
428,Haines Junction,CA,2022-07-21 20:41:21,60.7522,-137.5108,53.46,69,100,5.75
429,Yeniseysk,RU,2022-07-21 20:41:21,58.4497,92.1703,54.45,98,98,4.65
430,Verkhnyaya Inta,RU,2022-07-21 20:41:22,65.9811,60.3094,43.93,70,1,7.05
431,Shirokiy,RU,2022-07-21 20:41:22,49.758,129.523,64.15,95,15,1.52
432,Kununurra,AU,2022-07-21 20:41:22,-15.7667,128.7333,51.78,87,7,0.0
433,Denpasar,ID,2022-07-21 20:41:23,-8.65,115.2167,78.46,78,40,11.5
434,Olafsvik,IS,2022-07-21 20:38:45,64.8945,-23.7142,53.33,85,46,7.2
435,Sao Joao De Pirabas,BR,2022-07-21 20:41:23,-0.7747,-47.1772,77.4,88,67,5.23
436,Payo,ID,2022-07-21 20:41:24,-3.7508,103.6372,71.89,95,86,2.37
437,Zhanakorgan,KZ,2022-07-21 20:41:24,43.9098,67.2495,93.72,18,2,15.79
438,Ardakan,IR,2022-07-21 20:41:24,32.31,54.0175,89.35,14,0,0.27
439,Gravdal,NO,2022-07-21 20:41:25,68.1214,13.5031,53.49,100,75,11.5
440,Gamba,GA,2022-07-21 20:41:25,-2.65,10.0,70.75,93,90,6.51
441,Sawtell,AU,2022-07-21 20:41:25,-30.3833,153.1,60.82,82,75,14.97
442,Comodoro Rivadavia,AR,2022-07-21 20:39:57,-45.8667,-67.5,44.46,29,40,19.57
443,San Remo,IT,2022-07-21 20:41:26,43.8182,7.7612,81.12,71,0,1.48
444,Bengkulu,ID,2022-07-21 20:41:26,-3.8004,102.2655,74.79,91,86,4.45
445,Champasak,LA,2022-07-21 20:41:27,14.75,106.0,72.09,100,100,2.24
446,Laguna,US,2022-07-21 20:41:27,38.421,-121.4238,100.31,29,0,6.91
447,Ankara,TR,2022-07-21 20:41:27,39.9199,32.8543,69.21,49,0,6.91
448,Bintulu,MY,2022-07-21 20:41:28,3.1667,113.0333,77.41,94,40,3.44
449,Ostrow Mazowiecka,PL,2022-07-21 20:41:28,52.8024,21.8951,66.61,56,6,2.62
450,Hudiksvall,SE,2022-07-21 20:41:28,61.729,17.1036,65.68,87,100,10.58
451,Labuhan,ID,2022-07-21 20:41:29,-6.8844,112.2051,75.24,84,94,9.4
452,Kieta,PG,2022-07-21 20:41:29,-6.2167,155.6333,79.36,78,98,1.5
453,Bemidji,US,2022-07-21 20:41:30,47.4736,-94.8803,82.06,42,40,18.41
454,Camana,PE,2022-07-21 20:41:30,-16.6228,-72.7111,62.01,79,92,6.93
455,Wisconsin Rapids,US,2022-07-21 20:41:30,44.3836,-89.8174,86.29,52,20,11.5
456,Boyolangu,ID,2022-07-21 20:41:31,-8.1181,111.8935,74.17,88,100,7.02
457,Kruisfontein,ZA,2022-07-21 20:41:31,-34.0033,24.7314,50.11,87,0,4.16
458,Kulmbach,DE,2022-07-21 20:41:32,50.1,11.45,69.13,83,1,2.64
459,Bethel,US,2022-07-21 20:40:05,41.3712,-73.414,92.35,67,20,13.8
460,Biryukove,UA,2022-07-21 20:41:32,47.9563,39.7384,58.35,80,56,6.55
461,Lompoc,US,2022-07-21 20:41:32,34.6391,-120.4579,91.78,68,0,19.57
462,Praia Da Vitoria,PT,2022-07-21 20:41:33,38.7333,-27.0667,77.25,73,20,1.66
463,Nyurba,RU,2022-07-21 20:42:33,63.2842,118.3319,54.41,91,100,4.76
464,Aykhal,RU,2022-07-21 20:42:33,66.0,111.5,53.56,87,100,1.28
465,Rawson,AR,2022-07-21 20:41:34,-43.3002,-65.1023,45.91,53,100,18.19
466,Labrea,BR,2022-07-21 20:42:34,-7.2586,-64.7981,92.25,39,27,0.04
467,Tianpeng,CN,2022-07-21 20:42:34,30.9866,103.9393,75.67,96,100,8.14
468,Champerico,GT,2022-07-21 20:42:35,14.3,-91.9167,93.74,66,100,5.73
469,Kitimat,CA,2022-07-21 20:42:00,54.0524,-128.6534,71.98,44,9,4.09
470,Key West,US,2022-07-21 20:42:24,24.5557,-81.7826,95.0,58,0,10.36
471,Maua,BR,2022-07-21 20:42:35,-23.6678,-46.4614,77.29,57,19,4.16
472,San Jeronimo,PE,2022-07-21 20:42:36,-11.9472,-75.2829,63.93,34,24,5.19
473,Grimshaw,CA,2022-07-21 20:38:52,56.1834,-117.6027,67.62,52,75,20.71
474,Shima,CN,2022-07-21 20:42:36,24.4478,117.8111,82.42,89,4,2.39
475,Saint-Paul,RE,2022-07-21 20:40:40,-21.0096,55.2707,69.89,70,20,3.67
476,Mujiayingzi,CN,2022-07-21 20:42:37,42.1167,118.7833,65.59,81,1,5.19
477,Paamiut,GL,2022-07-21 20:42:37,61.994,-49.6678,45.43,89,8,7.09
478,Turukhansk,RU,2022-07-21 20:42:37,65.8167,87.9833,55.62,94,100,9.46
479,Promyshlennaya,RU,2022-07-21 20:42:38,54.9159,85.6385,59.95,96,100,9.6
480,Moose Factory,CA,2022-07-21 20:42:38,51.2585,-80.6094,59.0,100,100,10.36
481,Solnechnyy,RU,2022-07-21 20:42:38,50.7214,136.6319,57.09,96,100,6.73
482,Gashua,NG,2022-07-21 20:42:39,12.871,11.0482,80.44,61,27,3.98
483,Mallaig,CA,2022-07-21 20:42:39,54.2169,-111.3685,75.49,51,91,12.46
484,Zyryanka,RU,2022-07-21 20:42:39,65.75,150.85,54.16,55,13,4.9
485,Grand Island,US,2022-07-21 20:39:29,40.925,-98.342,91.69,48,0,11.5
486,Adre,TD,2022-07-21 20:42:40,13.4667,22.2,71.8,81,100,2.86
487,Umm Lajj,SA,2022-07-21 20:42:40,25.0213,37.2685,87.46,53,6,7.2
488,Zeya,RU,2022-07-21 20:42:41,53.75,127.2667,62.58,84,68,2.71
489,Qaqortoq,GL,2022-07-21 20:42:41,60.7167,-46.0333,50.13,78,9,2.57
490,Cabedelo,BR,2022-07-21 20:42:41,-6.9811,-34.8339,74.07,84,99,10.45
491,Hay River,CA,2022-07-21 20:42:42,60.8156,-115.7999,64.36,63,40,12.66
492,Deputatskiy,RU,2022-07-21 20:41:44,69.3,139.9,44.26,75,8,6.06
493,Waipawa,NZ,2022-07-21 20:42:42,-41.4122,175.5153,44.94,74,100,14.03
494,Healesville,AU,2022-07-21 20:42:43,-37.65,145.5167,46.99,77,3,2.77
495,Awjilah,LY,2022-07-21 20:42:43,29.1081,21.2869,79.05,50,0,17.05
496,Barstow,US,2022-07-21 20:42:43,34.8986,-117.0228,104.99,11,100,11.39
497,Pundaguitan,PH,2022-07-21 20:42:44,6.3711,126.1689,82.53,72,58,2.77
498,Hongjiang,CN,2022-07-21 20:42:44,27.11,109.9956,75.81,95,37,4.23
499,Bud,US,2022-07-21 20:42:45,39.447,-86.1758,91.92,45,0,7.65
500,Uarini,BR,2022-07-21 20:42:45,-2.99,-65.1083,79.95,93,82,1.54
501,Oppdal,NO,2022-07-21 20:42:45,62.5943,9.6912,51.67,98,100,4.97
502,Mackenzie,CA,2022-07-21 20:42:46,55.2999,-123.1698,71.82,30,0,8.05
503,Koson,UZ,2022-07-21 20:42:46,39.0375,65.585,88.12,14,0,9.31
504,Hasaki,JP,2022-07-21 20:42:46,35.7333,140.8333,79.29,92,100,17.4
505,Qixingtai,CN,2022-07-21 20:42:47,30.4135,111.8874,77.97,91,88,6.22
506,Huinan,CN,2022-07-21 20:42:47,42.6225,126.2614,64.62,96,99,1.57
507,Waitara,NZ,2022-07-21 20:42:48,-38.925,174.25,53.49,72,76,14.61
508,Bingen,DE,2022-07-21 20:42:48,48.1113,9.2724,66.33,79,0,1.68
509,Menongue,AO,2022-07-21 20:43:48,-14.6585,17.691,54.07,40,5,4.36
510,Patiya,BD,2022-07-21 20:43:49,22.2931,91.9762,77.97,95,100,4.72
511,Petropavlovsk-Kamchatskiy,RU,2022-07-21 20:43:49,53.0452,158.6483,61.39,94,75,2.24
512,Sobolevo,RU,2022-07-21 20:43:50,54.4299,31.8996,55.71,93,0,7.99
513,Santa Cruz De Tenerife,ES,2022-07-21 20:43:50,28.4682,-16.2546,83.91,90,20,13.8
514,Bom Jesus Da Lapa,BR,2022-07-21 20:42:05,-13.255,-43.4181,79.54,29,44,7.78
515,Arawa,PG,2022-07-21 20:43:51,-6.2132,155.5367,77.67,85,96,1.66
516,Piopio,NZ,2022-07-21 20:43:51,-38.4667,175.0167,47.08,86,76,1.34
517,Warri,NG,2022-07-21 20:43:51,5.5167,5.75,74.41,85,80,3.53
518,Crawfordsville,US,2022-07-21 20:43:52,40.0411,-86.8745,90.72,32,0,6.91
519,Payakumbuh,ID,2022-07-21 20:43:52,-0.2202,100.6308,69.26,96,87,1.63
520,Puerto Parra,CO,2022-07-21 20:43:53,6.6515,-74.0573,86.16,49,94,2.95
521,Nerchinskiy Zavod,RU,2022-07-21 20:43:53,51.3088,119.61,60.26,93,21,2.64
522,Gleisdorf,AT,2022-07-21 20:43:53,47.1061,15.7127,76.95,59,100,5.21
523,Huttwil,CH,2022-07-21 20:43:54,47.115,7.8621,70.5,77,5,2.48
524,Tabou,CI,2022-07-21 20:43:54,4.423,-7.3528,75.43,76,100,7.7
525,Selma,US,2022-07-21 20:43:55,36.5708,-119.6121,102.63,19,0,4.61
526,Strib,DK,2022-07-21 20:43:55,55.5402,9.7675,61.21,87,100,15.14
527,Padilla,CO,2022-07-21 20:43:55,3.2204,-76.3139,85.57,63,95,2.93
528,Huron,US,2022-07-21 20:43:56,41.1501,-82.5499,86.18,57,0,12.75
529,Toba,JP,2022-07-21 20:43:56,34.4833,136.85,75.2,89,22,9.78
530,Maragogi,BR,2022-07-21 20:43:57,-9.0122,-35.2225,74.19,87,84,9.37
531,Norsup,VU,2022-07-21 20:43:57,-16.0667,167.3833,80.01,83,22,13.2
532,Puerto Madryn,AR,2022-07-21 20:42:48,-42.7692,-65.0385,47.5,43,100,12.01
533,Nadym,RU,2022-07-21 20:43:58,65.5333,72.5167,47.07,70,100,3.06
534,Tonantins,BR,2022-07-21 20:43:58,-2.8731,-67.8022,79.54,92,82,0.54
535,Shirwal,IN,2022-07-21 20:43:58,18.1333,73.9833,71.33,91,97,5.86
536,Matara,LK,2022-07-21 20:43:59,5.9485,80.5353,77.59,87,100,15.46
537,Kalmunai,LK,2022-07-21 20:43:59,7.4167,81.8167,78.67,85,99,8.01
538,Dukat,RU,2022-07-21 20:44:00,62.55,155.55,51.12,55,1,7.4
539,El Retorno,CO,2022-07-21 20:44:00,2.3302,-72.6276,71.33,96,100,2.06
540,Matay,EG,2022-07-21 20:44:00,28.419,30.7792,82.74,36,0,16.24
541,Tongliao,CN,2022-07-21 20:44:01,43.6125,122.2653,69.71,83,70,5.53
542,Marystown,CA,2022-07-21 20:44:01,47.1666,-55.1483,69.85,100,38,10.0
543,San Patricio,US,2022-07-21 20:44:02,28.017,-97.5169,98.19,41,5,20.62
544,Molteno,ZA,2022-07-21 20:44:02,-31.3968,26.3625,46.99,47,0,5.79
545,Newport,GB,2022-07-21 20:39:09,51.5877,-2.9984,69.69,67,84,2.48
546,Puerto Baquerizo Moreno,EC,2022-07-21 20:44:03,-0.9,-89.6,74.39,78,40,8.05
547,Panguna,PG,2022-07-21 20:44:03,-6.3164,155.4848,69.28,90,95,1.54
548,Shiyan,CN,2022-07-21 20:44:04,32.6475,110.7781,77.36,90,100,1.12
549,Hovd,MN,2022-07-21 20:44:04,48.0056,91.6419,61.9,45,98,3.98
550,Pitimbu,BR,2022-07-21 20:44:05,-7.4706,-34.8086,73.99,83,100,10.69
551,San Ramon,US,2022-07-21 20:40:35,37.7799,-121.978,92.95,43,0,11.5
552,Bereda,ES,2022-07-21 20:45:06,43.2686,-7.5406,66.42,100,88,6.2
553,Letlhakane,BW,2022-07-21 20:45:06,-21.4167,25.5833,56.77,65,40,10.49
554,Andi,RU,2022-07-21 20:45:06,42.7836,46.2617,58.33,91,99,1.01
555,Ofaqim,IL,2022-07-21 20:45:07,31.3141,34.6203,73.71,79,3,4.41
556,Candelaria,PH,2022-07-21 20:45:07,13.9311,121.4233,76.66,95,66,3.38
557,Maniitsoq,GL,2022-07-21 20:45:08,65.4167,-52.9,46.56,86,96,14.36
558,Kropotkin,RU,2022-07-21 20:45:08,45.4375,40.5756,60.21,59,2,6.89
559,Shimoda,JP,2022-07-21 20:45:08,34.6667,138.95,77.11,88,7,6.89
560,Tsumeb,NA,2022-07-21 20:45:09,-19.2333,17.7167,61.5,27,3,7.07
561,Ebenthal,AT,2022-07-21 20:45:09,46.6081,14.3642,77.18,53,40,9.22
562,Port Hedland,AU,2022-07-21 20:43:14,-20.3167,118.5667,59.05,94,0,5.75
563,Puerto Lleras,CO,2022-07-21 20:45:10,3.0223,-73.4044,75.09,90,99,3.44
564,Kefamenanu,ID,2022-07-21 20:40:10,-9.4467,124.4781,68.79,88,100,4.45
565,Waingapu,ID,2022-07-21 20:45:10,-9.6567,120.2641,73.51,86,100,11.61
566,Valparaiso,CL,2022-07-21 20:45:11,-33.0393,-71.6273,61.03,72,0,8.05
567,Salinopolis,BR,2022-07-21 20:41:00,-0.6136,-47.3561,79.34,83,86,7.25
568,Kamina,CD,2022-07-21 20:45:11,-8.7386,24.9906,65.84,50,46,2.19
569,Sarkand,KZ,2022-07-21 20:45:11,45.41,79.9186,74.12,30,0,7.78
570,Barra Patuca,HN,2022-07-21 20:45:12,15.8,-84.2833,84.47,69,9,9.86
571,Port Blair,IN,2022-07-21 20:45:12,11.6667,92.75,79.16,88,100,5.32
572,Mae Sai,TH,2022-07-21 20:45:13,20.4335,99.8762,71.73,99,100,1.45
573,Kurilsk,RU,2022-07-21 20:45:13,45.2333,147.8833,53.08,97,100,11.16
574,Iquitos,PE,2022-07-21 20:45:13,-3.7481,-73.2472,82.44,74,40,6.91
575,Gurlan,UZ,2022-07-21 20:45:14,41.8447,60.3919,91.31,16,0,14.12
576,Yingcheng,CN,2022-07-21 20:45:14,30.95,113.55,78.26,91,93,6.67
577,Presque Isle,US,2022-07-21 20:45:15,46.6811,-68.0159,87.66,60,20,17.27
578,Margherita,IN,2022-07-21 20:45:15,27.2833,95.6833,76.01,97,100,1.36
579,Pangai,TO,2022-07-21 20:45:15,-19.8,-174.35,77.11,83,20,5.75
580,Iskitim,RU,2022-07-21 20:45:16,54.6366,83.3045,59.74,94,80,8.9
581,Puro,PH,2022-07-21 20:45:16,12.4841,123.3827,80.74,85,30,7.72
582,Rincon,US,2022-07-21 20:41:01,32.296,-81.2354,87.85,44,78,11.81
583,Piranhas,BR,2022-07-21 20:45:17,-16.4269,-51.8222,82.58,27,7,3.89
584,Ayaviri,PE,2022-07-21 20:45:17,-14.8864,-70.5889,60.06,11,28,0.47
585,Ouango,CF,2022-07-21 20:45:18,4.3133,22.5552,70.14,99,98,0.76
586,Srandakan,ID,2022-07-21 20:45:18,-7.9386,110.2506,75.43,84,100,9.57
587,Thaba-Tseka,LS,2022-07-21 20:45:18,-29.522,28.6084,39.7,60,0,2.08
588,Amapa,BR,2022-07-21 20:45:19,1.0,-52.0,80.53,74,91,2.33
589,Conway,US,2022-07-21 20:45:19,35.0887,-92.4421,101.28,33,0,4.61
590,Atbasar,KZ,2022-07-21 20:45:20,51.8,68.3333,59.58,73,0,6.49
591,Westport,US,2022-07-21 20:45:20,41.1415,-73.3579,90.46,70,20,10.36
592,Ewo,CG,2022-07-21 20:45:21,-0.8725,14.8206,77.77,68,68,4.25
593,Meybod,IR,2022-07-21 20:45:21,32.2501,54.0166,87.82,14,0,2.28
594,Vila Praia De Ancora,PT,2022-07-21 20:45:22,41.811,-8.8526,71.11,87,78,8.59
